{
  "MIN_ARS": 10000,
  "MIN_CUP": 2745,
  "MIN_MLC": 12.0,
  "MIN_SALDO": 360,
  "RATE_MIN": 3.6429872495,
  "RATE_MAX": 3.6229872495,
  "RATE_MLC": 1600,
  "RATE_USD": 1600,
  "USD_EXTRA": 0.10,
  "CUP_POR_SALDO": 4,
  "MIN_ARS_CUP_EF": 10000,
  "MIN_CUP_EF": 2745,
  "RATE_MIN_CUP_EF": 3.7317073171,
  "RATE_MAX_CUP_EF": 3.7117073171
}
