{
  "MIN_ARS": 10000,
  "MIN_CUP": 2994,
  "MIN_MLC": 12.0,
  "MIN_SALDO": 360,
  "RATE_MIN": 3.3406593407,
  "COMMENT": 1520.455,
  "RATE_MAX": 3.3206593407,
  "RATE_MLC": 1520,
  "RATE_USD": 1500,
  "USD_EXTRA": 0.10,
  "CUP_POR_SALDO": 4,
  "MIN_ARS_CUP_EF": 10000,
  "MIN_CUP_EF": 2829,
  "RATE_MIN_CUP_EF": 3.5348837209,
  "COMMENT2": 1520.430,
  "RATE_MAX_CUP_EF": 3.5148837209
}
