{
  "MIN_ARS": 10000,
  "MIN_CUP": 2928,
  "MIN_MLC": 12.0,
  "MIN_SALDO": 360,
  "RATE_MIN": 3.4157303371,
  "COMMENT": 1520.445,
  "RATE_MAX": 3.3957303371,
  "RATE_MLC": 1520,
  "RATE_USD": 1600,
  "USD_EXTRA": 0.10,
  "CUP_POR_SALDO": 4,
  "MIN_ARS_CUP_EF": 10000,
  "MIN_CUP_EF": 2763,
  "RATE_MIN_CUP_EF": 3.619047619,
  "RATE_MAX_CUP_EF": 3.599047619
}
